year,Centralization,Density
2000,0.1111,0.1388889
2001,0.1403,0.08187135
2002,0.2424,0.1212121
2019,0.0491,0.008557232
2020,0.0702,0.005690213
